{
  "best_search": {
    "auc": 0.7897587357654042,
    "weights": [
      0.15572240321250377,
      0.09394475828531951,
      0.7503328385021768
    ]
  },
  "meta_auc": 0.7728150493803174
}